ジャンル,問題文,回答
金,年に何度もある聖母マリアの祭日にその花がいつも咲いておりそれを「聖母マリアの黄金の花」と呼んだことが名前の由来とされる「あいみょん」の楽曲の名前にもなっている花は何でしょう,マリーゴールド
H,ビルの屋上などにある、丸にHとついているマークの意味は何でしょう？,ヘリポート
国語,"科学の世界では「有害な化学物質を摂取してしまうこと」、
一般には「悪事や秘密をあばくこと」を指す漢字2字の言葉は何でしょう？",暴露・曝露
H,『ドラゴンクエスト』などのロールプレイングゲームにおいて、キャラクターの体力を表す「HP」とは、何の略でしょう？,ヒットポイント
H,第二次世界大戦後、日本の大部分を占領した連合国軍の組織をアルファベット3文字で何というでしょう？,GHQ
H,"これまでに『パプリカ』『山口さんちのツトム君』『だんご3兄弟』などの
ヒット曲を生んでいる NHK のテレビ番組は何でしょう",みんなのうた
ZAクイズ,アフロダイAやボスボロットなども登場する「巨大ロボットアニメ」としては最初の作品のタイトルにもなっており主題歌を水木一郎がうたっていることでもおなじみの作品といえばなんでしょう？,マジンガーZ
数学,"等間隔に引かれた直線に針を落としていき、
直線と交差する確率を調べることで円周率を近似することができる、
フランスの数学者が提唱した実験は何でしょう？",ビュフォンの針
ZAクイズ,アルファベット3文字では「EEZ」と略される　ある国が独占的に経済行為を行うことができる海域のことを何と言うでしょう？,排他的経済水域
ZAクイズ,2020年に日韓合同オーディションプロジェクトを経て結成された　サビの「縄跳びダンス」と呼ばれる振り付けが話題となった「Make you happy」などの代表曲があるグローバル・ガールズグループは何でしょう？,NiziU
金,金融機関に預けられている「銀行預金」に対して自宅で保管されている現金のことをある家具の名前を使って「何預金」というでしょう?,たんす預金
ZAクイズ改変,ちびまる子ちゃんのオープニングで使われている「おどるぽんぽこりん」　2025年12月から現在まで歌っているアーティストは誰でしょう？,Ado
H,面積の単位の一つであり、1万平方メートルを ha と表記して何というでしょう？,ヘクタール
H,縦横比は 16:9 で、解像度は 1920×1080 ピクセル である、画面や映像を構成する画素数を表す規格は何でしょう？,フルHD
H,スポーツ新聞上などでは HR と略されることの多い、野球において打者が打った打球によって打者自身が本塁まで帰ってくることを英語で何というでしょう？,ホームラン
アプリ,"いずれもマッチングアプリの「カドル」「ヒールメイト」「マリーゴー」といえば、
どんな特徴をもったアプリでしょう？",既婚者向け
金,英語ではテレスコープ・アイと呼ばれている目が大きくとび出しているのが特徴の金魚の一種は何でしょう？,デメキン（出目金）
H,「DHA」と略される酸はドコサヘキサエン酸ですが、「DNA」と略される核酸は何でしょう？,デオキシリボ核酸
医療,"福島の民芸品の赤べこの体にある黒い水玉模様がその名残りとして知られる、
かつて世界中で猛威をふるったものの、人類によって根絶された感染症は何でしょう？",天然痘
金,主に恐怖や苦痛を感じた時に女性が出す鋭く甲高い叫び声をなんと俗になんというでしょう？,金切り声
金,人間の体に最も多く含まれている重金属は何でしょう？,鉄
ZAクイズ,体内で欠乏すると味覚障害が起きる　原子番号30　元素記号Znの物質は何でしょう？,亜鉛
H,ウェブサイトのコンテンツの構造を作るために使うマークアップ言語のひとつで正式名称の HyperText Markup Language をアルファベット4文字に略して何と言うでしょう？,HTML
ZAクイズ,成人男性特有の進行性の脱毛症で生え際や頭頂部の毛髪が薄くなったりするのが特徴である男性型脱毛症をアルファベット３文字でなんというでしょう？,AGA
ZAクイズ,英語で「ショットガンマリッジ(shotgun marriage)」と言えば　日本では俗に何と言われているでしょう？,できちゃった婚
ZAクイズ,アメリカでは彼の栄誉を称え1月の第３月曜日が祝日となっている「I have a dream」で始まる演説で知られる黒人解放運動の指導者は誰でしょう？,キング牧師
H,「His Master's Voice」という言葉を略してつけられた、日本でもおなじみのイギリス生まれのレコードチェーンは何でしょう？,HMV
技術,"開発担当者が休憩中に囲碁をして遊んでいたことが誕生のきっかけになったという、
今では決済サービスをはじめ多くの場面で使われている2次元コードの一種は何でしょう？",QRコード
化学,"ボリビアのウユニ塩湖に地球の埋蔵量の半分があると目されている、
金属元素の中で最も軽い元素は何でしょう？",リチウム
ZAクイズ,野球の打率のことを「AV」と表記することがありますが　これは何という英単語を略したものでしょう？,アベレージ
ZAクイズ,「AならばBである」という命題にたいして「BでないならばAでない」という命題を何と言うでしょう？,対偶
ZAクイズ,「Hatch」「Zoff」「JINS」といえば　何で有名なブランドでしょう？,メガネ
国語,"「ゲロを吐く」「乾物に水を吸わせる」「もともとあった場所に返す」
という意味で使われる日本語の動詞は何でしょう？",もどす
H,東京都の難関私立大学群を指す「MARCH」でH を指す大学は何でしょう？,法政大学
ZAクイズ,社団法人「日本音楽著作権協会」のことをアルファベット６文字で何というでしょう？,JASRAC
ZAクイズ,1990年代後半から2010年代初頭に生まれ　物心ついたときからスマートフォンやSNSに慣れ親しんでいる世代を何と呼ぶ？,Z世代
ZAクイズ,アルファベット2文字で「DZ」と表されることもある１２を１とする単位といえばなんでしょう？,ダース
金,語源はポルトガル語で「コンフェイト」と言われている砂糖と下味のついた水分を原料にした表面に凹凸状の突起（角状）をもつ小さな球の形の和菓子はなんでしょう,金平糖
H,同志社大学の学生プロレス出身であり、一時期はハード●イの芸風で一世を風靡したHG と RG で組まれたお笑いコンビといえばなんでしょう？,レイザーラモン
化学,"「むえんバター」といえば食塩を加えていないバターのことですが、
「むえんガソリン」といえば何という物質を含まないガソリンのことでしょう？",鉛
金,金婚式の25年前に行われるのは銀婚式ですが銀婚式の25年前に行われるのは何婚式でしょう？,結婚式
映画,"主人公夫妻が夜の営みを行う際には黒字に白で「合体」の文字が出るのが定番である、
西田敏行主演の映画版も有名な、ビッグコミックオリジナル連載の長寿漫画は何でしょう？",釣りバカ日誌
音楽,"ボカロ曲『人マニア』のイントロでは独特な接続音がサンプリングされている。
電話回線を通じてインターネットに接続する手法を何と言うでしょう？",ダイヤルアップ接続
オリジナル,アメリカンフットボールで試合終了間際に劣勢のチームが逆転を狙って投じるパスのことで、極めて長い距離のハイリスク・ハイリターンなタッチダウンの成功率が非常に低いことから、「神頼み」という意味でラテン語の「アヴェ・マリア」を英訳した、この前見に行った映画のタイトルにも使われているのは何でしょう？,ヘイル・メアリー
ZAクイズ,1年の12ヶ月を英語で書いた時　スペルがAで始まる月はいくつでしょう？,2つ
芸能,"第8話ではレストランの従業員の役として特別出演している、
2001年のドラマ『HERO』で主題歌の
「Can You Keep A Secret?」を歌った歌手は誰でしょう?",宇多田ヒカル
ゲーム,"もともとは科挙において3つの試験すべてを首席で合格することをさした、
麻雀で「白」「發」「中」の字牌を3枚ずつ集めて完成する役満は何でしょう？",大三元
H,日本語では「電磁誘導加熱」正式名称は「インダクション・ヒーティング」主に火を使わない炊飯器や調理器に使われる略称は何でしょう？,IH
金,4月の誕生石であるダイヤモンドを日本語では何石というでしょう？,金剛石
金,公営ギャンブルや宝くじにおいて当選者がいなかったときに配当金を次回に持ち越すことを英語で何というでしょう？,キャリーオーバー
スポーツ,"ボクシングで、相手のパンチをかわすため素早く頭を下げることを、
水中に潜る水鳥に似ていることから何というでしょう？",ダッキング
H,化学式 C₄₀H₅₆ で表される、スイカやトマトに含まれる赤い色素は何でしょう？,リコピン
H,1837年に当初は馬具工房から始まった、現在はカバンや時計、香水などを販売し、フランスのパリに本社を置き、「H」から始まる高級ファッションブランドは何でしょう？,エルメス（HERMES）
H,分子式 C₁₀H₁₄N₂ で表される、タバコに含まれる有害なアルカロイドは何でしょう？,ニコチン
教育,"『華英通語』という中国語と英語の辞書にふりがなをふる際、
日本ではじめて「う」に濁点をつける「ヴ」の表記をした、
慶應義塾の創設で知られる明治期の教育者は誰でしょう？",福沢諭吉
金,家屋の借り主が立ち退く場合に返還される条件で貸し主に預けておく保証金の一種を何という？,敷金
H,酸性・アルカリ性などの水溶液の性質を表す単位を何というでしょう？,pH
H,"映像・音声・制御信号を1本のケーブルにまとめて送ることができる通信規格のことを指す、
「High-Definition Multimedia Interface」を略した名称を何というでしょう？",HDMI
H,歴代では4番目に長く続いた元号であり、1989年1月8日から2019年4月30日までの30年続いた、アルファベットでは「H」と表記する和暦は何でしょう？,平成
ZAクイズ,２０２４年度入試では東大合格者は1063人　京大合格者は808人の合格実績を持つかつては「増進会」の名称で通信教育事業等を行っていた学習塾の名前は何でしょう？,Z会
金,太陽が月に全部隠されてしまう時は「皆既日食」それに対し、太陽が月に一部分だけ隠されてしまう時は「部分日食」では月が太陽を隠しきれず、周りからはみ出して見える状態は何日食でしょう？,金環日食
ZAクイズ,ポイントカードの「Ponta」や情報端末の「Loppi」などのサービスを提供しているコンビニエンスストアチェーンといえばどこでしょう？,ローソン
ZAクイズ,正式名称を「Test Of English for International Communication」という　英語能力判定に世界中で用いられている試験は何でしょう？,TOEIC
おかゆん,「タウマタファカタンギハンガコアウアウオタマテアポカイフェヌアキタナタフ」という世界一長い地名がある国はどこでしょう？,ニュージーランド
H,タイトルは「ヒーローふたり、ヒロインふたり」を意味する、漫画家 あだち充 がサンデーで連載した高校野球漫画は何でしょう？,H2
H,大学の研究室を相手に洋書の翻訳委託業を行ったことに始まる「大学翻訳センター」を略した社名であり、現在は化粧品やサプリメントを主に製造・販売しているメーカーは何でしょう？,DHC
H,パソコンなどに使う一般的なキーボードの配列でH の左隣は何でしょう？,G
H,ブルーベリーやムラサキキャベツなどに含まれ、pH によってその色を変える色素は何でしょう？,アントシアニン
H,ゲーム『ポケットモンスター』シリーズにてHGSS と略されることが多い『ポケットモンスター金・銀・クリスタル』のリメイク作品といえば何でしょう？,ハートゴールド・ソウルシルバー
H,HBB と略されることもある、日本では YouTuber の HIKAKIN が得意とする、人間の発声器官を使って音楽を作り出す音楽表現を何というでしょう？,ヒューマンビートボックス
H,鉛筆の芯の硬さを表すアルファベットでHB と H の中間の硬さのものを何というでしょう？,F
H,周波数の単位を Hz と書いて何と言うでしょう？,ヘルツ
ZAクイズ,民放各局が提供クレジットを流せない時間帯などに代替で放送されるCMとして知られる、公共広告を制作する組織は何？,ACジャパン
ZAクイズ,記号「oz」で表される　ヤード・ポンド法において用いられる28gを1とする単位は何でしょう？,オンス
ZAクイズ,漫画「シティーハンター」でシティーハンターへ仕事を依頼する際　新宿駅東口の伝言板に書かれるアルファベット3文字は何でしょう？,XYZ
ZAクイズ,「Portable Document Format」の略である Adobe systemsが開発したコンピューターの機種を問わず文書を観覧できるシステムを何というでしょう？,PDF
ZAクイズ,開成高校時代にはテレビ番組「全国高等学校クイズ選手権」の第30回大会と第31回大会で2連覇を果たしている、株式会社QuizKnockの初代CEOを務めているクイズプレイヤーは誰でしょう？,伊沢拓司
ZAクイズ,"その名前はMountain,Ocean,Sunという言葉の頭文字から取られた売上高日本第2位のハンバーガーチェーンは何でしょう？",モスバーガー
ZAクイズ,第二次大戦後の東京裁判でA級戦犯として処刑された総理大臣経験者は広田弘毅（ひろだこうき）と誰でしょう？,東條英機
おかゆん,「ランヴァイル・プルグウィンギル・ゴゲリフウィルンドロブル・ランティシリオゴゴゴホ駅」という世界一長い駅名がある国はどこでしょう？,イギリス
音楽,"有線放送で流れる際にはサビの「ゲロ」の部分にピー音が被される、
昨年（2025年）大ヒットした米津玄師の曲は何でしょう？",IRIS OUT
金,1年に最低1回、多い年では3回観測することができる、欧米では不吉とされている日付で、1980年に第1作が公開されたホラー映画シリーズのタイトルにもなっているのは何でしょう？,13日の金曜日（Friday the 13th）
金,右手を上げると「人」を、左手を上げると「お金」を招くと言われる、ある動物をかたどった置き物は何でしょう？,まねきねこ
ドリンク,"田中角栄はコップに移して1日に何本も飲むほど愛用していたという、
「ファイト一発」のフレーズでおなじみの大正製薬の栄養ドリンクは何でしょう？",リポビタンD
ノージャンル,"アルファベットの場合は18文字以内、
カタカナの場合は2文字以上9文字以内といえば、どんなものにつける名前のルールでしょう？",競走馬
本,"複雑な注文に対応してくれる印刷会社がアメリカで見つからず、
原書の製本は日本の企業が行った、
おなかが空いたある虫を主人公としたエリック・カールの絵本は何でしょう？",はらぺこあおむし
金,そのタイトルは英語とアイヌ語を合わせた造語とされる明治末期の北海道樺太を舞台としたバトル漫画で「金カム」とも略される作品はなんでしょう？,ゴールデンカムイ
金,鋼の○錬金術師 兄エドワード・エルリックと弟アルフォンス・エルリックの兄弟が禁術によって失った自らの体を取り戻すための旅に出る荒川弘による日本の漫画作品は何でしょう？,鋼の錬金術師
金,防衛大学校では毎週月曜日に、海上自衛隊では毎週金曜日に食べることになっている料理は何でしょう？,カレー
金,線分を2つに分けたときに見た目が最も美しいとされる、およそ 1 : 1.618 の比率のことを特に何というでしょう？,黄金比
小説,英語圏では動詞として「ツギハギに繋ぎ合わせる」という意味で使われることもある、メアリー・シェリーの怪奇小説に東條する、ツギハギの化け物を生み出した科学者は誰でしょう？,フランケンシュタイン
